1,meta
2,hardfork
2,cryptography
2,difficulty
2,mining
2,consensus
2,pow
2,gas
2,homestead
3,opcode
3,evm
3,application
4,meta
5,opcode
5,evm
5,application
6,opcode
6,evm
6,application
7,opcode
7,evm
7,application
8,networking
8,devp2p
20,application
20,token
20,contract
55,application
55,account
86,hardfork
86,contract
86,metropolis
86,opcode
86,gas
86,account
86,mining
86,pow
100,mining
100,pow
100,hardfork
100,byzantium
101,account
101,cryptography
101,opcode
101,gas
101,mining
101,pow
101,token
107,api-rpc
107,application
137,ens
137,application
137,contract
140,opcode
140,evm
140,byzantium
140,hardfork
141,evm
141,opcode
145,evm
145,application
145,contract
150,gas
150,application
150,hardfork
150,security
155,security
155,hardfork
155,cryptography
155,mining
155,pow
160,gas
160,opcode
160,evm
160,spurious-dragon
161,evm
161,gas
161,consensus
162,ens
162,application
162,contract
165,contract
165,application
170,contract
170,hardfork
170,evm
173,contract
173,application
173,security
181,ens
181,application
190,application
190,contract
190,ethpm
191,account
191,cryptography
196,contract
196,cryptography
196,zksnark
196,byzantium
196,hardfork
197,contract
197,cryptography
197,zksnark
197,byzantium
197,hardfork
198,cryptography
198,contract
205,ens
205,application
210,constantinople
210,hardfork
210,application
211,opcode
211,evm
211,contract
211,byzantium
211,hardfork
214,opcode
214,evm
214,contract
225,poa
225,mining
225,pow
225,consensus
233,meta
233,hardfork
234,api-rpc
234,application
600,account
600,cryptography
601,account
601,cryptography
606,hardfork
606,homestead
607,hardfork
607,spurious-dragon
608,hardfork
608,tangerine-whistle
609,hardfork
609,byzantium
615,evm
615,security
615,opcode
616,evm
616,opcode
616,gas
616,performance
627,networking
627,application
627,whisper
634,ens
634,application
634,contract
649,mining
649,metropolis
649,hardfork
658,hardfork
658,byzantium
658,application
658,api-rpc
663,evm
663,opcode
665,contract
665,cryptography
665,hardfork
665,constantinople
681,application
689,contract
695,api-rpc
695,application
706,networking
712,cryptography
712,api-rpc
721,token
721,application
721,contract
725,account
725,contract
758,application
758,api-rpc
777,token
777,contract
778,networking
779,meta
779,hardfork
779,dao-fork
779,contract
779,controversial
801,contract
801,application
820,contract
823,token
823,contract
831,application
858,mining
858,hardfork
858,pow
867,account
868,networking
875,token
875,contract
884,token
884,contract
897,contract
900,pos
900,contract
900,token
902,token
902,contract
902,application
908,networking
918,token
918,mining
918,contract
926,account
926,contract
927,contract
927,security
969,mining
969,security
969,hardfork
969,controversial
998,token
998,contract
999,contract
999,security
999,controversial
1010,hardfork
1010,controversial
1011,pos
1011,pow
1011,mining
1011,hardfork
1011,casper
1011,contract
1013,meta
1013,hardfork
1013,constantinople
1014,opcode
1014,evm
1015,mining
1046,token
1046,contract
1047,token
1051,evm
1051,opcode
1051,security
1052,evm
1052,opcode
1057,pow
1057,mining
1057,security
1062,ens
1062,application
1066,evm
1066,application
1077,account
1077,application
1077,gas
1078,ens
1078,application
1078,account
1078,identity
1080,token
1080,security
1081,contract
1081,application
1087,gas
1087,evm
1087,opcode